conversation_id,policy,budget_fraction,budget_B,n_turns,n_questions,accuracy,correct,total
conv-26,BucketOccupancy,0.1,41,419,154,0.032467532467532464,5.0,154
conv-26,FIFO,0.1,41,419,154,0.025974025974025976,4.0,154
conv-26,Reservoir,0.1,41,419,154,0.032467532467532464,5.0,154
conv-26,BucketOccupancy,0.25,104,419,154,0.07792207792207792,12.0,154
conv-26,FIFO,0.25,104,419,154,0.05194805194805195,8.0,154
conv-26,Reservoir,0.25,104,419,154,0.05194805194805195,8.0,154
conv-26,BucketOccupancy,0.5,209,419,154,0.1038961038961039,16.0,154
conv-26,FIFO,0.5,209,419,154,0.07792207792207792,12.0,154
conv-26,Reservoir,0.5,209,419,154,0.07792207792207792,12.0,154
conv-26,BucketOccupancy,1.0,419,419,154,0.16233766233766234,25.0,154
conv-26,FIFO,1.0,419,419,154,0.15584415584415584,24.0,154
conv-26,Reservoir,1.0,419,419,154,0.15584415584415584,24.0,154
conv-30,BucketOccupancy,0.1,36,369,81,0.037037037037037035,3.0,81
conv-30,FIFO,0.1,36,369,81,0.012345679012345678,1.0,81
conv-30,Reservoir,0.1,36,369,81,0.04938271604938271,4.0,81
conv-30,BucketOccupancy,0.25,92,369,81,0.08641975308641975,7.0,81
conv-30,FIFO,0.25,92,369,81,0.012345679012345678,1.0,81
conv-30,Reservoir,0.25,92,369,81,0.1111111111111111,9.0,81
conv-30,BucketOccupancy,0.5,184,369,81,0.13580246913580246,11.0,81
conv-30,FIFO,0.5,184,369,81,0.1111111111111111,9.0,81
conv-30,Reservoir,0.5,184,369,81,0.09876543209876543,8.0,81
conv-30,BucketOccupancy,1.0,369,369,81,0.1111111111111111,9.0,81
conv-30,FIFO,1.0,369,369,81,0.12345679012345678,10.0,81
conv-30,Reservoir,1.0,369,369,81,0.12345679012345678,10.0,81
conv-41,BucketOccupancy,0.1,66,663,152,0.046052631578947366,7.0,152
conv-41,FIFO,0.1,66,663,152,0.05263157894736842,8.0,152
conv-41,Reservoir,0.1,66,663,152,0.05921052631578947,9.0,152
conv-41,BucketOccupancy,0.25,165,663,152,0.07894736842105263,12.0,152
conv-41,FIFO,0.25,165,663,152,0.039473684210526314,6.0,152
conv-41,Reservoir,0.25,165,663,152,0.05921052631578947,9.0,152
conv-41,BucketOccupancy,0.5,331,663,152,0.125,19.0,152
conv-41,FIFO,0.5,331,663,152,0.09210526315789473,14.0,152
conv-41,Reservoir,0.5,331,663,152,0.11842105263157894,18.0,152
conv-41,BucketOccupancy,1.0,663,663,152,0.20394736842105263,31.0,152
conv-41,FIFO,1.0,663,663,152,0.20394736842105263,31.0,152
conv-41,Reservoir,1.0,663,663,152,0.19078947368421054,29.0,152
conv-42,BucketOccupancy,0.1,62,629,199,0.005025125628140704,1.0,199
conv-42,FIFO,0.1,62,629,199,0.03015075376884422,6.0,199
conv-42,Reservoir,0.1,62,629,199,0.020100502512562814,4.0,199
conv-42,BucketOccupancy,0.25,157,629,199,0.04020100502512563,8.0,199
conv-42,FIFO,0.25,157,629,199,0.04020100502512563,8.0,199
conv-42,Reservoir,0.25,157,629,199,0.035175879396984924,7.0,199
conv-42,BucketOccupancy,0.5,314,629,199,0.07537688442211055,15.0,199
conv-42,FIFO,0.5,314,629,199,0.07537688442211055,15.0,199
conv-42,Reservoir,0.5,314,629,199,0.04522613065326633,9.0,199
conv-42,BucketOccupancy,1.0,629,629,199,0.12562814070351758,25.0,199
conv-42,FIFO,1.0,629,629,199,0.10552763819095477,21.0,199
conv-42,Reservoir,1.0,629,629,199,0.11055276381909548,22.0,199
conv-43,BucketOccupancy,0.1,68,680,178,0.0449438202247191,8.0,178
conv-43,FIFO,0.1,68,680,178,0.0449438202247191,8.0,178
conv-43,Reservoir,0.1,68,680,178,0.056179775280898875,10.0,178
conv-43,BucketOccupancy,0.25,170,680,178,0.07865168539325842,14.0,178
conv-43,FIFO,0.25,170,680,178,0.09550561797752809,17.0,178
conv-43,Reservoir,0.25,170,680,178,0.08426966292134831,15.0,178
conv-43,BucketOccupancy,0.5,340,680,178,0.1404494382022472,25.0,178
conv-43,FIFO,0.5,340,680,178,0.15730337078651685,28.0,178
conv-43,Reservoir,0.5,340,680,178,0.1348314606741573,24.0,178
conv-43,BucketOccupancy,1.0,680,680,178,0.24719101123595505,44.0,178
conv-43,FIFO,1.0,680,680,178,0.24157303370786518,43.0,178
conv-43,Reservoir,1.0,680,680,178,0.2247191011235955,40.0,178
conv-44,BucketOccupancy,0.1,67,675,123,0.04065040650406504,5.0,123
conv-44,FIFO,0.1,67,675,123,0.04065040650406504,5.0,123
conv-44,Reservoir,0.1,67,675,123,0.024390243902439025,3.0,123
conv-44,BucketOccupancy,0.25,168,675,123,0.08943089430894309,11.0,123
conv-44,FIFO,0.25,168,675,123,0.06504065040650407,8.0,123
conv-44,Reservoir,0.25,168,675,123,0.06504065040650407,8.0,123
conv-44,BucketOccupancy,0.5,337,675,123,0.0975609756097561,12.0,123
conv-44,FIFO,0.5,337,675,123,0.13008130081300814,16.0,123
conv-44,Reservoir,0.5,337,675,123,0.11382113821138211,14.0,123
conv-44,BucketOccupancy,1.0,675,675,123,0.16260162601626016,20.0,123
conv-44,FIFO,1.0,675,675,123,0.14634146341463414,18.0,123
conv-44,Reservoir,1.0,675,675,123,0.16260162601626016,20.0,123
conv-47,BucketOccupancy,0.1,68,689,150,0.04666666666666667,7.0,150
conv-47,FIFO,0.1,68,689,150,0.03333333333333333,5.0,150
conv-47,Reservoir,0.1,68,689,150,0.07333333333333333,11.0,150
conv-47,BucketOccupancy,0.25,172,689,150,0.10666666666666667,16.0,150
conv-47,FIFO,0.25,172,689,150,0.05333333333333334,8.0,150
conv-47,Reservoir,0.25,172,689,150,0.05333333333333334,8.0,150
conv-47,BucketOccupancy,0.5,344,689,150,0.14,21.0,150
conv-47,FIFO,0.5,344,689,150,0.08,12.0,150
conv-47,Reservoir,0.5,344,689,150,0.1,15.0,150
conv-47,BucketOccupancy,1.0,689,689,150,0.19333333333333333,29.0,150
conv-47,FIFO,1.0,689,689,150,0.18,27.0,150
conv-47,Reservoir,1.0,689,689,150,0.17333333333333334,26.0,150
conv-48,BucketOccupancy,0.1,68,681,191,0.02617801047120419,5.0,191
conv-48,FIFO,0.1,68,681,191,0.010471204188481676,2.0,191
conv-48,Reservoir,0.1,68,681,191,0.031413612565445025,6.0,191
conv-48,BucketOccupancy,0.25,170,681,191,0.05759162303664921,11.0,191
conv-48,FIFO,0.25,170,681,191,0.03664921465968586,7.0,191
conv-48,Reservoir,0.25,170,681,191,0.03664921465968586,7.0,191
conv-48,BucketOccupancy,0.5,340,681,191,0.1256544502617801,24.0,191
conv-48,FIFO,0.5,340,681,191,0.05235602094240838,10.0,191
conv-48,Reservoir,0.5,340,681,191,0.10471204188481675,20.0,191
conv-48,BucketOccupancy,1.0,681,681,191,0.10471204188481675,20.0,191
conv-48,FIFO,1.0,681,681,191,0.11518324607329843,22.0,191
conv-48,Reservoir,1.0,681,681,191,0.10471204188481675,20.0,191
conv-49,BucketOccupancy,0.1,50,509,156,0.05128205128205128,8.0,156
conv-49,FIFO,0.1,50,509,156,0.02564102564102564,4.0,156
conv-49,Reservoir,0.1,50,509,156,0.019230769230769232,3.0,156
conv-49,BucketOccupancy,0.25,127,509,156,0.05128205128205128,8.0,156
conv-49,FIFO,0.25,127,509,156,0.04487179487179487,7.0,156
conv-49,Reservoir,0.25,127,509,156,0.038461538461538464,6.0,156
conv-49,BucketOccupancy,0.5,254,509,156,0.10897435897435898,17.0,156
conv-49,FIFO,0.5,254,509,156,0.07051282051282051,11.0,156
conv-49,Reservoir,0.5,254,509,156,0.08333333333333333,13.0,156
conv-49,BucketOccupancy,1.0,509,509,156,0.1346153846153846,21.0,156
conv-49,FIFO,1.0,509,509,156,0.1282051282051282,20.0,156
conv-49,Reservoir,1.0,509,509,156,0.1346153846153846,21.0,156
conv-50,BucketOccupancy,0.1,56,568,158,0.02531645569620253,4.0,158
conv-50,FIFO,0.1,56,568,158,0.03164556962025317,5.0,158
conv-50,Reservoir,0.1,56,568,158,0.03164556962025317,5.0,158
conv-50,BucketOccupancy,0.25,142,568,158,0.06962025316455696,11.0,158
conv-50,FIFO,0.25,142,568,158,0.04430379746835443,7.0,158
conv-50,Reservoir,0.25,142,568,158,0.11392405063291139,18.0,158
conv-50,BucketOccupancy,0.5,284,568,158,0.10759493670886076,17.0,158
conv-50,FIFO,0.5,284,568,158,0.11392405063291139,18.0,158
conv-50,Reservoir,0.5,284,568,158,0.11392405063291139,18.0,158
conv-50,BucketOccupancy,1.0,568,568,158,0.15822784810126583,25.0,158
conv-50,FIFO,1.0,568,568,158,0.14556962025316456,23.0,158
conv-50,Reservoir,1.0,568,568,158,0.1518987341772152,24.0,158
