policy,stream_size,kept,retention_rate,throughput_items_per_sec,total_time_s,recall@10_mean,recall@10_p10,recall@10_p50,recall@10_p90,recall@10_zero_frac,recall@1_mean,recall@1_p10,recall@1_zero_frac,recall@100_mean,recall@100_p10,recall@100_zero_frac,coverage@10,coverage@100,mean_us,p50_us,p95_us,p99_us,p999_us,max_us,tail_ratio,k_center_radius,clusters_covered,coverage_fraction,cluster_entropy,mean_intra_set_distance,embeddings_mb,hash_metadata_mb,bucket_counts_mb,total_mb,overhead_fraction,kept_set_size,stream,budget_fraction,budget_B,policy_seen,policy_discarded,policy_active_buckets,policy_mean_bucket_occupancy,policy_max_bucket_occupancy
FIFO,1000000,10000,0.01,433186.18395280285,2.308476209640503,0.00876,0.0,0.0,0.0,0.9158,0.0,0.0,1.0,0.009824000000000001,0.0,0.3608,0.008593911782977842,0.009743579902015884,2.168603048,2.076,2.367,3.028,12.993012000001967,614.387,1.4585741811175337,1.2376697063446045,20,1.0,2.9381061327714146,1.0220258235931396,15.36,0.1,0.032768,15.492768,0.008569675864248403,10000,CleanStream_0,0.01,10000,,,,,
Reservoir,1000000,10000,0.01,946618.3416241069,1.056391954421997,0.0099,0.0,0.0,0.0,0.9044,0.0086,0.0,0.9914,0.009946,0.0,0.367,0.009877821495133568,0.009976614311602646,0.929327452,0.869,1.198,1.896,6.9830150000024585,358.203,2.1818181818181817,1.2363706827163696,20,1.0,2.941511827242837,1.018266201019287,15.36,0.1,0.032768,15.492768,0.008569675864248403,10000,CleanStream_0,0.01,10000,,,,,
Stream-LSH,1000000,10000,0.01,444856.1062681452,2.247917890548706,0.00876,0.0,0.0,0.0,0.9158,0.0,0.0,1.0,0.009824000000000001,0.0,0.3608,0.008593911782977842,0.009743579902015884,2.1102947170000004,2.027,2.276,2.988,13.849,952.588,1.4740996546620622,1.2376697063446045,20,1.0,2.9381061327714146,1.0220258235931396,15.36,0.1,0.032768,15.492768,0.008569675864248403,10000,CleanStream_0,0.01,10000,,,,,
BucketOccupancy,1000000,10000,0.01,82250.15404607894,12.158031940460205,0.10828,0.1,0.1,0.1,0.0048,0.994,1.0,0.006,0.019159999999999996,0.01,0.0022,0.10735141851314972,0.018363111475436802,11.975140574,11.15,14.459,27.371,76.49100100000017,1068.155,2.454798206278027,1.2298088073730469,20,1.0,2.9377318205110754,1.0275061130523682,15.36,0.1,0.032768,15.492768,0.008569675864248403,10000,CleanStream_0,0.01,10000,1000000.0,983852.0,8192.0,9.765625,35.0
SemanticDedup (eps=0.1),1000000,10000,0.01,617844.2099569411,1.6185309886932373,0.1084,0.1,0.1,0.1,0.0,0.9976,1.0,0.0024,0.019422,0.01,0.0,0.10753779250362394,0.01852486477150291,1.515568504,0.162,0.185,7.051140000000131,238.33703200000525,1328.164,43.52555555555636,1.2460345029830933,20,1.0,2.9382917545450624,1.0210334062576294,15.36,0.1,0.032768,15.492768,0.008569675864248403,10000,CleanStream_0,0.01,10000,,,,,
FIFO,1000000,50000,0.05,110386.07692946614,9.059113502502441,0.04478,0.0,0.0,0.1,0.6282,0.0,0.0,1.0,0.048848,0.02,0.007,0.04483329881963139,0.04881111327391413,8.899441287,8.993,9.718,16.861,42.70606400001049,895.557,1.8749027021016347,1.2022125720977783,20,1.0,2.9407404902543064,1.0232714414596558,76.8,0.5,0.032768,77.332768,0.0068892917424085995,50000,CleanStream_0,0.05,50000,,,,,
Reservoir,1000000,50000,0.05,837738.2307707672,1.193690299987793,0.04852,0.0,0.0,0.1,0.61,0.05,0.0,0.95,0.050089999999999996,0.02,0.0042,0.04885069372540899,0.050190128662409905,1.055056567,0.919,1.788,2.174,8.965018000002951,506.648,2.365614798694233,1.1825220584869385,20,1.0,2.9423177356274257,1.017876148223877,76.8,0.5,0.032768,77.332768,0.0068892917424085995,50000,CleanStream_0,0.05,50000,,,,,
Stream-LSH,1000000,50000,0.05,110884.7664282817,9.018371343612671,0.04478,0.0,0.0,0.1,0.6282,0.0,0.0,1.0,0.048848,0.02,0.007,0.04483329881963139,0.04881111327391413,8.861873652,8.959,9.863,14.528,41.67207500001229,2084.133,1.6216095546377944,1.2022125720977783,20,1.0,2.9407404902543064,1.0232714414596558,76.8,0.5,0.032768,77.332768,0.0068892917424085995,50000,CleanStream_0,0.05,50000,,,,,
BucketOccupancy,1000000,50000,0.05,79096.51249452338,12.64278244972229,0.14454,0.1,0.1,0.2,0.0,0.9988,1.0,0.0012,0.05747000000000001,0.03,0.0,0.14361151377096706,0.05714003723067391,12.451676448,11.253,18.479,29.08901000000001,82.04404000000656,1237.847,2.585000444325958,1.1868940591812134,20,1.0,2.9425350577834597,1.023461103439331,76.8,0.5,0.032768,77.332768,0.0068892917424085995,50000,CleanStream_0,0.05,50000,1000000.0,919049.0,8192.0,48.828125,181.0
SemanticDedup (eps=0.1),1000000,50000,0.05,14380.481391872654,69.53870129585266,0.14334000000000002,0.1,0.1,0.2,0.0,0.9976,1.0,0.0024,0.05865,0.03,0.0,0.1427417684820874,0.05786929785361601,69.343719688,0.164,14.012649999997695,2435.2188600000018,3252.252659000108,8188.206,14848.895487804888,1.2223221063613892,20,1.0,2.9429993981779448,1.0216410160064697,76.8,0.5,0.032768,77.332768,0.0068892917424085995,50000,CleanStream_0,0.05,50000,,,,,
FIFO,1000000,100000,0.1,60739.44406438783,16.46376609802246,0.09065999999999999,0.0,0.1,0.2,0.382,0.0,0.0,1.0,0.09829199999999999,0.06,0.0,0.09047421826465106,0.09830762187014226,16.286776216,17.236,19.468,26.847,95.58402300000377,747.025,1.55761197493618,1.1785118579864502,20,1.0,2.942393078590641,1.019155502319336,153.6,1.0,0.032768,154.632768,0.00667884312851465,100000,CleanStream_0,0.1,100000,,,,,
Reservoir,1000000,100000,0.1,807883.7887350178,1.2378017902374268,0.10028000000000001,0.0,0.1,0.2,0.352,0.096,0.0,0.904,0.10026199999999999,0.06,0.0,0.10035203975978463,0.09997176171272067,1.1008705589999999,0.9,1.956,2.291,9.797003000000492,368.172,2.5455555555555556,1.1824381351470947,20,1.0,2.944481650108767,1.0178231000900269,153.6,1.0,0.032768,154.632768,0.00667884312851465,100000,CleanStream_0,0.1,100000,,,,,
Stream-LSH,1000000,100000,0.1,60650.58671140738,16.487886667251587,0.09065999999999999,0.0,0.1,0.2,0.382,0.0,0.0,1.0,0.09829199999999999,0.06,0.0,0.09047421826465106,0.09830762187014226,16.309421866999998,17.213,19.42604999999993,27.328,108.35923700003885,2394.381,1.587637250915006,1.1785118579864502,20,1.0,2.942393078590641,1.019155502319336,153.6,1.0,0.032768,154.632768,0.00667884312851465,100000,CleanStream_0,0.1,100000,,,,,
BucketOccupancy,1000000,100000,0.1,72442.60181908256,13.80403208732605,0.18858000000000003,0.1,0.2,0.3,0.0,0.9988,1.0,0.0012,0.10636399999999999,0.06,0.0,0.18788569061917582,0.10616773542643926,13.587684887,11.991,22.471,31.721,97.16803400000558,1165.726,2.64540071720457,1.1740909814834595,20,1.0,2.9431549731933755,1.0225162506103516,153.6,1.0,0.032768,154.632768,0.00667884312851465,100000,CleanStream_0,0.1,100000,1000000.0,840321.0,8192.0,97.65625,347.0
FIFO,1000000,250000,0.25,18426.576990011963,54.26943922042847,0.22574,0.1,0.2,0.4,0.0706,0.0004,0.0,0.9996,0.24720599999999998,0.19,0.0,0.22592669289708014,0.24754011618821503,53.954650551,68.204,80.048,92.884,344.01921200003477,1213.396,1.3618556096416632,1.162778377532959,20,1.0,2.943407179277293,1.015769124031067,384.0,2.5,0.032768,386.532768,0.006552531142715434,250000,CleanStream_0,0.25,250000,,,,,
Reservoir,1000000,250000,0.25,716923.5712991545,1.3948488235473633,0.24911999999999998,0.1,0.2,0.4,0.0616,0.2474,0.0,0.7526,0.24947200000000003,0.19,0.0,0.24864361151377096,0.2495195378790579,1.248012495,0.943,2.179,2.492,12.272003000000492,998.274,2.6426299045599153,1.149130940437317,20,1.0,2.9434583316812044,1.0190802812576294,384.0,2.5,0.032768,386.532768,0.006552531142715434,250000,CleanStream_0,0.25,250000,,,,,
Stream-LSH,1000000,250000,0.25,18402.43951803564,54.34062147140503,0.22574,0.1,0.2,0.4,0.0706,0.0004,0.0,0.9996,0.24720599999999998,0.19,0.0,0.22592669289708014,0.24754011618821503,54.017071576,67.9,80.681,94.42309000000009,355.2360580000095,10240.674,1.3906198821796771,1.162778377532959,20,1.0,2.943407179277293,1.015769124031067,384.0,2.5,0.032768,386.532768,0.006552531142715434,250000,CleanStream_0,0.25,250000,,,,,
BucketOccupancy,1000000,250000,0.25,61790.09337642003,16.183824062347412,0.32256,0.2,0.3,0.5,0.0,0.999,1.0,0.001,0.25290999999999997,0.19,0.0,0.32188858977013873,0.2535770781871568,15.947825726,13.226,24.66404999999993,34.596,137.83703100000508,150440.954,2.6157568425827913,1.1428557634353638,20,1.0,2.9429844832110708,1.023625135421753,384.0,2.5,0.032768,386.532768,0.006552531142715434,250000,CleanStream_0,0.25,250000,1000000.0,635293.0,8192.0,244.140625,888.0
FIFO,1000000,500000,0.5,9972.928078256351,100.27145409584045,0.4518400000000001,0.3,0.5,0.6,0.0024,0.0006,0.0,0.9994,0.49479600000000007,0.43,0.0,0.45158417891903085,0.4952282777660499,99.790180524,155.6965,205.796,253.11304000000004,836.6694020000659,12506.832,1.6256822728834626,1.147763967514038,20,1.0,2.942802611061029,1.0160341262817383,768.0,5.0,0.032768,773.032768,0.006510420008482745,500000,CleanStream_0,0.5,500000,,,,,
Reservoir,1000000,500000,0.5,752455.8439640964,1.328981637954712,0.49838000000000005,0.3,0.5,0.7,0.0006,0.4966,0.0,0.5034,0.4992,0.43,0.0,0.4988403396148271,0.49945031295150416,1.179504285,0.879,2.205,2.515,11.311006000000983,1140.067,2.861205915813424,1.1186094284057617,20,1.0,2.943039726514618,1.0165385007858276,768.0,5.0,0.032768,773.032768,0.006510420008482745,500000,CleanStream_0,0.5,500000,,,,,
Stream-LSH,1000000,500000,0.5,10500.629836905744,95.23238277435303,0.4518400000000001,0.3,0.5,0.6,0.0024,0.0006,0.0,0.9994,0.49479600000000007,0.43,0.0,0.45158417891903085,0.4952282777660499,94.783295481,159.445,197.412,222.25008000000008,508.9100080000013,5127.022,1.393898083978802,1.147763967514038,20,1.0,2.942802611061029,1.0160341262817383,768.0,5.0,0.032768,773.032768,0.006510420008482745,500000,CleanStream_0,0.5,500000,,,,,
BucketOccupancy,1000000,500000,0.5,57989.48331727954,17.244506120681763,0.5447,0.3,0.5,0.8,0.0,0.9994,1.0,0.0006,0.49793000000000004,0.4,0.0,0.5449161317042867,0.49997121339646283,16.999469388,13.74,25.682,34.86201000000001,126.58817400002852,254942.9,2.5372641921397387,1.116874098777771,20,1.0,2.9429804406225166,1.0256246328353882,768.0,5.0,0.032768,773.032768,0.006510420008482745,500000,CleanStream_0,0.5,500000,1000000.0,358782.0,8192.0,488.28125,1871.0
BucketOccupancy,1000000,1000000,1.0,58645.45829229392,17.051618814468384,0.99998,1.0,1.0,1.0,0.0,0.999,1.0,0.001,0.999994,1.0,0.0,1.0,1.0,16.817251011,14.12,18.409,34.545,144.1280220000036,346933.449,2.446529745042493,0.001035800902172923,20,1.0,2.942685480415691,1.0150409936904907,1536.0,10.0,0.032768,1546.032768,0.006489363102554887,1000000,CleanStream_0,1.0,1000000,1000000.0,0.0,8192.0,976.5625,4424.0
FIFO (Oracle Upper Bound),1000000,1000000,1.0,1083683.554265771,0.9227786064147949,0.99998,1.0,1.0,1.0,0.0,0.999,1.0,0.001,0.999994,1.0,0.0,1.0,1.0,0.767944042,0.649,1.072,1.924,10.059002000000328,2852.321,2.9645608628659477,0.001035800902172923,20,1.0,2.942685480415691,1.0150409936904907,1536.0,10.0,0.032768,1546.032768,0.006489363102554887,1000000,CleanStream_0,1.0,1000000,,,,,
